{"model":{"cases":[{"model":{"on_false":{"model":"madhouse:item\/green_lantern_shield","type":"minecraft:model"},"on_true":{"model":"madhouse:item\/green_lantern_shield_blocking","type":"minecraft:model"},"property":"minecraft:using_item","type":"minecraft:condition"},"when":"green_lantern_shield"}],"property":"minecraft:custom_model_data","type":"minecraft:select","fallback":{"on_false":{"model":{"type":"minecraft:shield"},"type":"minecraft:special","base":"minecraft:item\/shield"},"on_true":{"model":{"type":"minecraft:shield"},"type":"minecraft:special","base":"minecraft:item\/shield_blocking"},"property":"minecraft:using_item","type":"minecraft:condition"}}}