{"gui_light":"front","ambientocclusion":false,"textures":{"anvil_base":"block/anvil","base":"madhouse:item/green_lantern_shield/base"},"elements":[{"from":[2,9,2],"to":[3,12,14],"faces":{"down":{"uv":[1,1,2,15],"texture":"#anvil_base"},"up":{"uv":[1,1,2,15],"texture":"#anvil_base"},"north":{"uv":[1,4,2,7],"texture":"#anvil_base"},"south":{"uv":[1,4,2,7],"texture":"#anvil_base"}}},{"from":[2,12,2],"to":[3,13,14],"faces":{"down":{"uv":[14,14,13,2],"texture":"#anvil_base"},"up":{"uv":[2,2,3,14],"texture":"#anvil_base"},"north":{"uv":[13,3,14,4],"texture":"#anvil_base"},"south":{"uv":[2,3,3,4],"texture":"#anvil_base"}}},{"from":[2,14,2],"to":[3,15,14],"faces":{"down":{"uv":[14,14,13,2],"texture":"#anvil_base"},"up":{"uv":[2,2,3,14],"texture":"#anvil_base"},"north":{"uv":[13,1,14,2],"texture":"#anvil_base"},"south":{"uv":[2,1,3,2],"texture":"#anvil_base"}}},{"from":[2,15,3],"to":[3,16,13],"faces":{"down":{"uv":[14,13,13,3],"texture":"#anvil_base"},"up":{"uv":[2,3,3,13],"texture":"#anvil_base"},"north":{"uv":[13,0,14,1],"texture":"#anvil_base"},"south":{"uv":[2,0,3,1],"texture":"#anvil_base"}}},{"from":[2,6,3],"to":[3,9,13],"faces":{"down":{"uv":[14,13,13,3],"texture":"#anvil_base"},"up":{"uv":[2,3,3,13],"texture":"#anvil_base"},"north":{"uv":[13,7,14,10],"texture":"#anvil_base"},"south":{"uv":[2,7,3,10],"texture":"#anvil_base"}}},{"from":[2,4,4],"to":[3,6,12],"faces":{"down":{"uv":[14,12,13,4],"texture":"#anvil_base"},"up":{"uv":[2,4,3,12],"texture":"#anvil_base"},"north":{"uv":[13,10,14,12],"texture":"#anvil_base"},"south":{"uv":[2,10,3,12],"texture":"#anvil_base"}}},{"from":[2,2,5],"to":[3,3,11],"faces":{"down":{"uv":[14,11,13,5],"texture":"#anvil_base"},"up":{"uv":[2,5,3,11],"texture":"#anvil_base"},"north":{"uv":[13,13,14,14],"texture":"#anvil_base"},"south":{"uv":[2,13,3,14],"texture":"#anvil_base"}}},{"from":[2,1,6],"to":[3,2,10],"faces":{"down":{"uv":[14,10,13,6],"texture":"#anvil_base"},"up":{"uv":[2,6,3,10],"texture":"#anvil_base"},"north":{"uv":[13,14,14,15],"texture":"#anvil_base"},"south":{"uv":[2,14,3,15],"texture":"#anvil_base"}}},{"from":[2,0,7],"to":[3,1,9],"faces":{"down":{"uv":[14,9,13,7],"texture":"#anvil_base"},"up":{"uv":[2,7,3,9],"texture":"#anvil_base"},"north":{"uv":[13,15,14,16],"texture":"#anvil_base"},"south":{"uv":[2,15,3,16],"texture":"#anvil_base"}}},{"from":[-1,10,8],"to":[2,11,9],"faces":{"down":{"uv":[16,9,14,8],"texture":"#anvil_base"},"up":{"uv":[0,8,2,9],"texture":"#anvil_base"},"north":{"uv":[14,5,16,6],"texture":"#anvil_base"},"south":{"uv":[0,5,2,6],"texture":"#anvil_base"}}},{"from":[-1,5,8],"to":[2,6,9],"faces":{"down":{"uv":[16,9,14,8],"texture":"#anvil_base"},"up":{"uv":[0,8,2,9],"texture":"#anvil_base"},"north":{"uv":[14,10,16,11],"texture":"#anvil_base"},"south":{"uv":[0,10,2,11],"texture":"#anvil_base"}}},{"from":[-1,6,8],"to":[0,10,9],"faces":{"down":{"uv":[16,9,16,8],"texture":"#anvil_base"},"up":{"uv":[0,8,0,9],"texture":"#anvil_base"},"north":{"uv":[16,6,16,10],"texture":"#anvil_base"},"south":{"uv":[0,6,0,10],"texture":"#anvil_base"}}},{"from":[3,0,2],"to":[3.0625,16,14],"faces":{"west":{"uv":[0,0.75,3,4.75],"texture":"#base"},"east":{"uv":[0,0.75,3,4.75],"texture":"#base"}}},{"from":[2,0,2],"to":[2.0625,16,14],"faces":{"west":{"uv":[0,0.75,3,4.75],"texture":"#base"},"east":{"uv":[0,0.75,3,4.75],"texture":"#base"}}},{"from":[2,13,2],"to":[3,14,14],"faces":{"down":{"uv":[14,14,13,2],"texture":"#anvil_base"},"up":{"uv":[2,2,3,14],"texture":"#anvil_base"},"north":{"uv":[13,2,14,3],"texture":"#anvil_base"},"south":{"uv":[2,2,3,3],"texture":"#anvil_base"}}},{"from":[2,3,5],"to":[3,4,11],"faces":{"down":{"uv":[14,11,13,5],"texture":"#anvil_base"},"up":{"uv":[2,5,3,11],"texture":"#anvil_base"},"north":{"uv":[13,12,14,13],"texture":"#anvil_base"},"south":{"uv":[2,12,3,13],"texture":"#anvil_base"}}}],"display":{"thirdperson_righthand":{"rotation":[0,0,0],"translation":[8,-2,1],"scale":[1,1,1]},"thirdperson_lefthand":{"rotation":[0,-180,0],"translation":[8,-2,2],"scale":[1,1,1]},"ground":{"rotation":[0,0,0],"translation":[1,4,0],"scale":[0.3,0.3,0.3]},"fixed":{"rotation":[0,90,0],"translation":[0,0,-6],"scale":[1,1,1]},"firstperson_righthand":{"rotation":[0,90,0],"translation":[-0.19,-1.51,-2.27],"scale":[1,1,1]},"firstperson_lefthand":{"rotation":[0,90,0],"translation":[0.57,-2.27,7.18],"scale":[1,1,1]},"gui":{"rotation":[0,-90,0],"translation":[0,0,0],"scale":[1,1,1]}}}